{
  "Gender": 0.40887357600724744,
  "Age": -4.482742193920243,
  "BMI": -0.023271671646336083,
  "Smoking": -0.4590813112110518,
  "Alcohol": 0.22278462403943566,
  "Sleep": 0.2415997860762927,
  "Exercise": 0.4018648930767141,
  "Fruit": -1.3398821553978637,
  "Diabetes": 0.016960159735563796,
  "Kidney": -0.11513358548172156,
  "Stroke": -0.23965327575804202
}