{"Gender": -0.20667526125907898, "Age": -1.0075790882110596, "BMI": -0.6326953172683716, "Smoking": 0.05497797951102257, "Alcohol": 0.0049427952617406845, "Sleep": -0.20518799126148224, "Exercise": 0.01498381793498993, "Fruit": 0.4295250475406647, "Diabetes": 0.01910775527358055, "Kidney": -0.06116540729999542, "Stroke": -0.07172591984272003}