{"Gender": -0.31793153285980225, "Age": 0.0, "BMI": -0.592113196849823, "Smoking": 0.23125630617141724, "Alcohol": 0.2599504590034485, "Sleep": -0.06502124667167664, "Exercise": 0.03740808740258217, "Fruit": 0.39352816343307495, "Diabetes": 0.07280731201171875, "Kidney": -0.052845604717731476, "Stroke": -0.08070164173841476}