{"Gender": -0.5045848488807678, "Age": 0.0, "BMI": -0.7511721849441528, "Smoking": 0.32459309697151184, "Alcohol": 0.28085529804229736, "Sleep": -0.06404975056648254, "Exercise": -0.460807740688324, "Fruit": 0.16971302032470703, "Diabetes": 0.062200307846069336, "Kidney": -0.056102149188518524, "Stroke": -0.11865612864494324}