{"Gender": -0.4191920757293701, "Age": 0.0, "BMI": -0.6468690037727356, "Smoking": 0.24856428802013397, "Alcohol": 0.40316063165664673, "Sleep": -0.021693097427487373, "Exercise": -0.3915718197822571, "Fruit": 0.2910781502723694, "Diabetes": 0.08303073048591614, "Kidney": -0.04746006056666374, "Stroke": -0.0940237045288086}